customer_id,customer_name,customer_surname,customer_primary_email,customer_primary_phone
1,Huberto,Treves,htreves0@hud.gov,+75906328713
2,Marlowe,Smails,msmails1@icio.us,+77504751922
3,Rosalia,Northleigh,rnorthleigh2@meetup.com,+76993232702
4,Link,Castle,lcastle3@people.com.cn,+75202156366
5,Kristen,Tonkin,ktonkin4@github.com,+79743659134
6,Milissent,Jurczyk,mjurczyk5@ow.ly,+72904382627
7,Boigie,Clutton,bclutton6@etsy.com,+73549338894
8,Frankie,Geere,fgeere7@cbsnews.com,+75436826669
9,Tyler,Bizley,tbizley8@msn.com,+76687270545
10,Donny,Connealy,dconnealy9@fc2.com,+78962032228
11,Libbi,Hachard,lhacharda@g.co,+78733980604
12,Andrey,Kirsopp,akirsoppb@wsj.com,+75017788219
13,Adolphus,Gronow,agronowc@google.nl,+79872059781
14,Danni,Peaseman,dpeasemand@example.com,+72865395065
15,Wendall,Spickett,wspickette@newyorker.com,+78936066966
16,Maje,Culkin,mculkinf@bloomberg.com,+71113325474
17,Eachelle,Piggen,epiggeng@drupal.org,+79569432962
18,Rhett,Tissington,rtissingtonh@wikimedia.org,+74048887790
19,Ninette,Staynes,nstaynesi@rakuten.co.jp,+76849795990
20,Mathilda,Littrick,mlittrickj@sakura.ne.jp,+71219948793
21,Sonni,Downage,sdownagek@nba.com,+79935789896
22,Giffy,McOwan,gmcowanl@live.com,+74946990005
23,Clarey,Hawford,chawfordm@spotify.com,+72553868455
24,Cindelyn,Giller,cgillern@imdb.com,+76305645024
25,Fulvia,Liddiard,fliddiardo@globo.com,+75027625580
26,Ogdan,Lazenby,olazenbyp@guardian.co.uk,+77454992375
27,Rosemarie,Napthine,rnapthineq@deviantart.com,+73219029831
28,Gus,Gainor,ggainorr@taobao.com,+79743695983
29,Hyatt,McTeggart,hmcteggarts@arstechnica.com,+78129647453
30,Osbert,Reye,oreyet@cafepress.com,+73472601595
31,Caria,Kuhlen,ckuhlenu@gravatar.com,+75645276182
32,Tonnie,Bish,tbishv@nbcnews.com,+77196503916
33,Mab,Segebrecht,msegebrechtw@amazon.co.uk,+73983122374
34,Caralie,Mayworth,cmayworthx@virginia.edu,+77556822393
35,Any,Tindley,atindleyy@miibeian.gov.cn,+79587181124
36,Hershel,Ellings,hellingsz@vkontakte.ru,+77181470991
37,Suzy,Cordova,scordova10@t-online.de,+75965090256
38,Roseann,Owenson,rowenson11@posterous.com,+76332969911
39,Joannes,Common,jcommon12@unicef.org,+74707373387
40,Wright,Kopec,wkopec13@about.me,+78295661892
41,Constancia,Rebeiro,crebeiro14@trellian.com,+73527708860
42,Milli,Sappson,msappson15@answers.com,+73509945161
43,Reese,Padefield,rpadefield16@xing.com,+75395650552
44,Michelle,Matas,mmatas17@foxnews.com,+79929274144
45,Free,Treuge,ftreuge18@seattletimes.com,+78708832599
46,Barbette,Loft,bloft19@godaddy.com,+78475774580
47,Jackelyn,Merigon,jmerigon1a@de.vu,+79041202704
48,Barbee,Marxsen,bmarxsen1b@amazon.co.jp,+74177655682
49,Milty,Lourens,mlourens1c@adobe.com,+72068774051
50,Tami,Wilsey,twilsey1d@newyorker.com,+75131793136
51,Lianne,Dionis,ldionis1e@admin.ch,+76941388862
52,Bord,Bifield,bbifield1f@friendfeed.com,+79582139973
53,Hugibert,Hamblen,hhamblen1g@ebay.co.uk,+78364135831
54,Lyell,Swalwell,lswalwell1h@rakuten.co.jp,+72982045341
55,Marie,Sarra,msarra1i@flavors.me,+72907076407
56,Aaron,Sute,asute1j@china.com.cn,+73542311412
57,Darren,Kollasch,dkollasch1k@123-reg.co.uk,+76424103648
58,Lula,Satterlee,lsatterlee1l@aol.com,+77868893347
59,Riordan,Trethowan,rtrethowan1m@businessweek.com,+78659648700
60,Osbourne,Stoffler,ostoffler1n@netvibes.com,+72027063071
61,Kerk,Hendricks,khendricks1o@cmu.edu,+72994360749
62,Jose,Enrigo,jenrigo1p@cam.ac.uk,+79057085422
63,Rodrigo,Welburn,rwelburn1q@geocities.com,+76736235296
64,Wallie,Duckhouse,wduckhouse1r@a8.net,+79882170922
65,Amil,Webling,awebling1s@freewebs.com,+78738161551
66,Cinda,Whanstall,cwhanstall1t@taobao.com,+79384804900
67,Pippy,Bridgnell,pbridgnell1u@time.com,+74474679132
68,Angeli,Bergstram,abergstram1v@uiuc.edu,+78932862384
69,Shelagh,MacKenny,smackenny1w@wisc.edu,+73833869899
70,Allie,MacLachlan,amaclachlan1x@techcrunch.com,+79175473869
71,Rancell,Mandry,rmandry1y@multiply.com,+76376251525
72,Alecia,Schapero,aschapero1z@washington.edu,+77476274401
73,Luther,Evesque,levesque20@purevolume.com,+79663149594
74,Venus,Monteaux,vmonteaux21@dailymotion.com,+78538570400
75,Eugenio,Storrie,estorrie22@yahoo.co.jp,+75557661911
76,Felicia,Rogeron,frogeron23@webnode.com,+77318879671
77,Fabio,Gilffilland,fgilffilland24@dot.gov,+71826496162
78,Dyan,Dragon,ddragon25@china.com.cn,+79162019673
79,Devonna,Guyers,dguyers26@e-recht24.de,+76855543748
80,Glendon,Earpe,gearpe27@usa.gov,+71608926661
81,Nikoletta,Filippo,nfilippo28@comcast.net,+73865854366
82,Ange,Sayward,asayward29@meetup.com,+74086831552
83,Chelsie,Dunning,cdunning2a@cdc.gov,+72673299501
84,Ibby,Bakster,ibakster2b@ucoz.ru,+79758486655
85,Carlie,Belbin,cbelbin2c@studiopress.com,+74801010729
86,Sigismondo,Kaley,skaley2d@samsung.com,+73349525369
87,Bidget,Madgin,bmadgin2e@hatena.ne.jp,+79372242326
88,Palm,Ord,pord2f@cdbaby.com,+74761137645
89,Sunshine,Caulket,scaulket2g@reference.com,+75669872751
90,Ingar,Vaines,ivaines2h@dot.gov,+77641310796
91,Jessy,Finby,jfinby2i@dion.ne.jp,+78593193908
92,Rolph,Summerhayes,rsummerhayes2j@joomla.org,+77465370529
93,Ninnette,Laird-Craig,nlairdcraig2k@ucsd.edu,+78244799440
94,Dalenna,Sarch,dsarch2l@dion.ne.jp,+79428199988
95,Peg,Veld,pveld2m@ovh.net,+72174411308
96,Nefen,Middleton,nmiddleton2n@slideshare.net,+73076590628
97,Emlyn,Dudmarsh,edudmarsh2o@live.com,+73051650723
98,Mirabella,McNevin,mmcnevin2p@hibu.com,+75665190370
99,Rochette,Grivori,rgrivori2q@indiatimes.com,+79765952505
100,Fairfax,McGorley,fmcgorley2r@thetimes.co.uk,+72423353410
